[{"id":"user-image-7590336.png","publicUrl":"np://user.desktop.nicepage.com/Site_196773658/images/7590336.png","size":7972,"hash":"oSn2Qpa43m0h8zkN/ksg2QPEuZ4=","fileName":"7590336.png","name":"7590336","width":128,"height":128,"thumbnail":{"url":"np://user.desktop.nicepage.com/Site_196773658/images/thumbnails/7590336.png","width":128,"height":128,"length":7972,"type":"png"},"folderId":null,"usages":["110608340"]},{"id":"user-image-11377534.png","publicUrl":"np://user.desktop.nicepage.com/Site_196773658/images/11377534.png","size":1742,"hash":"TJ/YIhgT5CVG/SSqDAVMU+CmZok=","fileName":"11377534.png","name":"11377534","width":128,"height":128,"thumbnail":{"url":"np://user.desktop.nicepage.com/Site_196773658/images/thumbnails/11377534.png","width":128,"height":128,"length":1742,"type":"png"},"folderId":null,"usages":["110608340"]},{"id":"user-image-6057127.png","publicUrl":"np://user.desktop.nicepage.com/Site_196773658/images/6057127.png","size":6143,"hash":"Ysrc2OhulTDrSScol4mw7ekiR5I=","fileName":"6057127.png","name":"6057127","width":128,"height":128,"thumbnail":{"url":"np://user.desktop.nicepage.com/Site_196773658/images/thumbnails/6057127.png","width":128,"height":128,"length":6143,"type":"png"},"folderId":null,"usages":["110608340"]},{"id":"user-image-1819153.png","publicUrl":"np://user.desktop.nicepage.com/Site_196773658/images/1819153.png","size":4363,"hash":"mMtFB54lb4KPkaEY2YMdoueaYGs=","fileName":"1819153.png","name":"1819153","width":128,"height":128,"thumbnail":{"url":"np://user.desktop.nicepage.com/Site_196773658/images/thumbnails/1819153.png","width":128,"height":128,"length":4363,"type":"png"},"folderId":null,"usages":["110608340"]},{"id":"user-image-1648773.png","publicUrl":"np://user.desktop.nicepage.com/Site_196773658/images/1648773.png","size":7314,"hash":"j39Tj8s57DNVttHxoTtEVAnBuw4=","fileName":"1648773.png","name":"1648773","width":128,"height":128,"thumbnail":{"url":"np://user.desktop.nicepage.com/Site_196773658/images/thumbnails/1648773.png","width":128,"height":128,"length":7314,"type":"png"},"folderId":null,"usages":["110608340"]},{"id":"user-image-6767263.png","publicUrl":"np://user.desktop.nicepage.com/Site_196773658/images/6767263.png","size":3367,"hash":"VFc+wl0AQnZ1alw9ctRNRIRPHUA=","fileName":"6767263.png","name":"6767263","width":128,"height":128,"thumbnail":{"url":"np://user.desktop.nicepage.com/Site_196773658/images/thumbnails/6767263.png","width":128,"height":128,"length":3367,"type":"png"},"folderId":null,"usages":["110608340"]},{"id":"user-image-6159798.png","publicUrl":"np://user.desktop.nicepage.com/Site_196773658/images/6159798.png","size":3367,"hash":"QGLVH2YVo6d95dc6TFb15FV3HN4=","fileName":"6159798.png","name":"6159798","width":128,"height":128,"thumbnail":{"url":"np://user.desktop.nicepage.com/Site_196773658/images/thumbnails/6159798.png","width":128,"height":128,"length":3367,"type":"png"},"folderId":null,"usages":["110608340"]},{"id":"user-image-5631513.png","publicUrl":"np://user.desktop.nicepage.com/Site_196773658/images/5631513.png","size":3608,"hash":"12j7m/avgsr8A3sYhb+yVxEihwo=","fileName":"5631513.png","name":"5631513","width":128,"height":128,"thumbnail":{"url":"np://user.desktop.nicepage.com/Site_196773658/images/thumbnails/5631513.png","width":128,"height":128,"length":3608,"type":"png"},"folderId":null,"usages":["110608340"]},{"id":"user-image-2106195.png","publicUrl":"np://user.desktop.nicepage.com/Site_196773658/images/2106195.png","size":4046,"hash":"e7nfoupgVimoGfAdY0x10Lso2KM=","fileName":"2106195.png","name":"2106195","width":128,"height":128,"thumbnail":{"url":"np://user.desktop.nicepage.com/Site_196773658/images/thumbnails/2106195.png","width":128,"height":128,"length":4046,"type":"png"},"folderId":null,"usages":["110608340"]},{"id":"user-image-1843544.png","publicUrl":"np://user.desktop.nicepage.com/Site_196773658/images/1843544.png","size":2766,"hash":"yoBY2ghEm2yHu0x7SqFeR6vqV/Y=","fileName":"1843544.png","name":"1843544","width":128,"height":128,"thumbnail":{"url":"np://user.desktop.nicepage.com/Site_196773658/images/thumbnails/1843544.png","width":128,"height":128,"length":2766,"type":"png"},"folderId":null,"usages":["110608340"]},{"id":"user-image-d39418a2-b1a9-4635-ae6d-1aab684b8c96.jpg","publicUrl":"np://user.desktop.nicepage.com/Site_196773658/images/d39418a2-b1a9-4635-ae6d-1aab684b8c96.jpg","size":711561,"hash":"j6w1jlwRrKqGkTIQsGYf70sb0iI=","fileName":"d39418a2-b1a9-4635-ae6d-1aab684b8c96.jpg","name":"d39418a2-b1a9-4635-ae6d-1aab684b8c96","width":2761,"height":2761,"thumbnail":{"url":"np://user.desktop.nicepage.com/Site_196773658/images/thumbnails/d39418a2-b1a9-4635-ae6d-1aab684b8c96.jpg","width":250,"height":250},"folderId":null,"usages":["110608340"]},{"id":"user-image-folder-8b2b43c5-710e-2375-a346-d8d29234d359","isFolder":true,"title":"Fyes","folderId":null,"count":0,"usages":[]}]