[{"id":1432410003,"title":"Blog Template","order":1,"templateKey":"blog","customTemplate":false,"customTemplateFilename":null,"pageLinks":[],"dateCreated":"2023-09-29T19:18:44.402Z","dateUpdated":"2023-09-29T19:18:51.631Z","folderId":null,"pageName":"Blog Template","serverPageId":null,"status":2},{"id":2967320636,"title":"Post Template","order":2,"templateKey":"post","customTemplate":false,"customTemplateFilename":null,"pageLinks":[],"dateCreated":"2023-09-29T19:18:45.610Z","dateUpdated":"2023-09-29T19:18:52.076Z","folderId":null,"pageName":"Post Template","serverPageId":null,"status":2},{"id":2798205371,"title":"Product List Template","order":3,"templateKey":"products","customTemplate":false,"customTemplateFilename":null,"pageLinks":[],"dateCreated":"2023-09-29T19:18:46.168Z","dateUpdated":"2023-09-29T19:18:52.248Z","folderId":null,"pageName":"Product List Template","serverPageId":null,"status":2},{"id":2555007302,"title":"Product Details Template","order":4,"templateKey":"product","customTemplate":false,"customTemplateFilename":null,"pageLinks":[],"dateCreated":"2023-09-29T19:18:46.756Z","dateUpdated":"2023-09-29T19:18:52.391Z","folderId":null,"pageName":"Product Details Template","serverPageId":null,"status":2},{"id":970223880,"title":"Shopping Cart Template","order":5,"templateKey":"cart","customTemplate":false,"customTemplateFilename":null,"pageLinks":[],"dateCreated":"2023-09-29T19:18:47.371Z","dateUpdated":"2023-09-29T19:18:52.995Z","folderId":null,"pageName":"Shopping Cart Template","serverPageId":null,"status":2},{"id":557808374,"title":"Checkout Template","order":6,"templateKey":"checkout","customTemplate":false,"customTemplateFilename":null,"pageLinks":[],"dateCreated":"2023-09-29T19:18:48.118Z","dateUpdated":"2023-09-29T19:18:53.104Z","folderId":null,"pageName":"Checkout Template","serverPageId":null,"status":2},{"id":781720784,"title":"Login Template","order":7,"templateKey":"login","customTemplate":false,"customTemplateFilename":null,"pageLinks":[],"dateCreated":"2023-09-29T19:18:48.410Z","dateUpdated":"2023-09-29T19:18:53.198Z","folderId":null,"pageName":"Login Template","serverPageId":null,"status":2},{"id":41499916,"title":"Page Password Template","order":8,"templateKey":"password","customTemplate":false,"customTemplateFilename":null,"pageLinks":[],"dateCreated":"2023-09-29T19:18:48.813Z","dateUpdated":"2023-09-29T19:18:53.338Z","folderId":null,"pageName":"Page Password Template","serverPageId":null,"status":2},{"id":62517331,"title":"404 Not Found Template","order":9,"templateKey":"404","customTemplate":false,"customTemplateFilename":null,"pageLinks":[],"dateCreated":"2023-09-29T19:18:49.367Z","dateUpdated":"2023-09-29T19:18:53.463Z","folderId":null,"pageName":"404 Not Found Template","serverPageId":null,"status":2},{"id":23112748,"title":"Thank You Page Template","order":10,"templateKey":"ThankYou","customTemplate":false,"customTemplateFilename":null,"pageLinks":[],"dateCreated":"2023-09-29T19:18:49.745Z","dateUpdated":"2023-09-29T19:18:53.588Z","folderId":null,"pageName":"Thank You Page Template","serverPageId":null,"status":2},{"id":110608340,"title":"Home","order":50,"templateKey":null,"customTemplate":false,"customTemplateFilename":null,"pageLinks":[],"dateCreated":"2023-09-29T19:18:56.922Z","dateUpdated":"2023-10-06T16:40:15.817Z","folderId":null,"pageName":"Home_110608340","serverPageId":null,"status":2},{"id":633222419,"title":"About","order":100,"templateKey":null,"customTemplate":false,"customTemplateFilename":null,"pageLinks":[],"dateCreated":"2023-09-29T19:18:50.076Z","dateUpdated":"2023-10-06T06:55:52.409Z","folderId":null,"pageName":"About_633222419","serverPageId":null,"status":2}]